??,????,??,??URL1,??URL2,??URL3
?????????,???,???????????????????????????????????????????????????????????????????????????????????????????????????????????????????????????????????????,https://lh4.googleusercontent.com/1VI5TPaojZtzYIV5c2V0vMUSebwwTaioP32msPs4fs0eujMKl5v8jGf60y95RRX3vZObHmCkXttqUaGFwuMyWrHq0tUs0p4C2qSzhTfCinN2B5uJmKnXrosS0uUjMZP2jQ=w1280,https://lh6.googleusercontent.com/M-e_d7bVOFetHQpg-z8MjBjyr7Jx9dj5zZjn4ReMCd3STRF837lnuOEBsj4-GZaAmWaD-vXhZIXYgun9DuTHQmG2mL65HcHdqE9DEHP-qoaiMvAPRzsXgIQdjxPHXMOpQA=w1280,https://lh6.googleusercontent.com/INnEAdVz-OoKkQxzospw-jFhaojisftECteFvN3L9PSv07xhdINqcgwMG_x3vGoCpNeXHq-gKIzkgRlT1l2z6TO1MQ_ESRB65IX352hFILNdCMTAuwyjy9dHPH1F1DU2KA=w1280
?????????,?????????,???????????????????????????????????????????????????????????????????????????????????????????????????????????????????????????????????????????????????????????????????????????????????????????????????????????????????????????,https://lh4.googleusercontent.com/1VI5TPaojZtzYIV5c2V0vMUSebwwTaioP32msPs4fs0eujMKl5v8jGf60y95RRX3vZObHmCkXttqUaGFwuMyWrHq0tUs0p4C2qSzhTfCinN2B5uJmKnXrosS0uUjMZP2jQ=w1280,https://lh6.googleusercontent.com/M-e_d7bVOFetHQpg-z8MjBjyr7Jx9dj5zZjn4ReMCd3STRF837lnuOEBsj4-GZaAmWaD-vXhZIXYgun9DuTHQmG2mL65HcHdqE9DEHP-qoaiMvAPRzsXgIQdjxPHXMOpQA=w1280,https://lh6.googleusercontent.com/INnEAdVz-OoKkQxzospw-jFhaojisftECteFvN3L9PSv07xhdINqcgwMG_x3vGoCpNeXHq-gKIzkgRlT1l2z6TO1MQ_ESRB65IX352hFILNdCMTAuwyjy9dHPH1F1DU2KA=w1280
?????????,???,?????????????????????????????????????????????????????????????????????????????????????????????????????????????????????????????????????????????????????????????????????????????????????,https://lh6.googleusercontent.com/ESyu8QczSV354Sm5gNY32AlKTEbrhXkV83Ivg7TEucDhO6uz43jdH1fImu7V01WDOwBj6SXqPkazVyqqI7EQWfDVlCbsH6II09-4N9M4H7hJKGQaAxoj8r8et7PYGQYFZQ=w1280,https://lh4.googleusercontent.com/NO3CLwB7ObRHoONLw5cuP2wb7tjjv2K70CBpEWATpL3oof3X3lTgAQnHAvfPHywtdoXmx14zv5vPj-j7bqt_PminbJasA5Wn7G29SNnYj43_mCe6E-LwLTdR2v9iKtmX_Q=w1280,https://lh5.googleusercontent.com/TYAelFhe4e4xehEEpk9M_4M7f_EsUfwAHOXGIxlKcWe7E5Wel7cOnN8sscxr0S80ke3U11akQUHQv1ThVMDFuTzN3nd5o42HmQtx3oaMhBOL9S2uxBPcIDaIDM_1elkN8g=w1280
????????,????????,??????????????????????????????????????????????????????????????????????????????????????????????????????????????????????????????????????????????,https://lh3.googleusercontent.com/cn8ti2BxkuFHyXSQi3ucBDuTJnttPNTX8q48_t6tdNVwYIMnMoX9DUHLg3XLXDwIWzl4XxEtFyle0BN2eXHtSHxDhGGYu8IVZUvcMC50TaMPgYnv-mdjILGBoU09Xc5OMA=w1280,https://lh3.googleusercontent.com/yhWyJ_KXqYwParBW9yMr3vtTxhohLnChgoaKAlpDjaO8UE3gemhXdZwuisSfreWG14E40izSb9dz9lA_GjcUqPJzMCDX-GtbEStwG8unQe9RiKRl8dhhiP29ic3QTdhOww=w1280,https://lh5.googleusercontent.com/u-f_DIKvC7iKz3i5Q6YXtH_7djA55ZVSkJzmte9xkqRwEFamCoPfaX7lNPT6n0XrXp0Wk-xdmoHxZPqMfmv93uHmZ-4lFojnRSMkxdjC0YFl_TX8vtPawtD1BzD9JqbiQQ=w1280
????????,???????,?????????????????????????????????????????????????????????????????????????????????????????????????,https://lh4.googleusercontent.com/AIKrRhOqMtAv-c5oAjVqSnf9SG1zR3h845uz8nsC9H5arLTNJqvQ42a6z98ljg9MeoV6paUB3yGX_cVVUuy-Dlz9dU81x1bzNCCDh1xkRM5GOP4RZ6ATCbw3VhKpC4WYrw=w1280,https://lh4.googleusercontent.com/5gE1VB5auh9regb5BOZXb2T2rwKa485hHglSaGTngDGrlIS6zCeL1o5fPUVZoUOABC9Xi0BLG_qZyO5Y7DhazSL9zjdJSwKcPcYgmqxdZXcTDNo3Wt1Be0Qc76r8eV0_=w1280,https://lh5.googleusercontent.com/cpy95FAsVHxMylu-pOczVZvZsgONaA75iJB8wDiiSKsVoLHuvQ_S4F-vIIBys4B0A4bimo7ILdrmYQkkkJq13gc6OHiUgQeELbXnn_2-5dv5uHvy5GhPkbSxuGt_xsL4uQ=w1280
????????,???,?????????????????????????????????????????????????????????????????????????????????????????????????????????????????????????????????????????????????????????????????????,https://lh4.googleusercontent.com/zMsVr9nWfdEQDXOY9ozeQDHMcoiw0-W5ya0RqfEbAQcVKmIk5voBPjrscZWAx_rVQhNFbGELAnQBkuanI93r5B-rUTA-tlPWvKH9d0iHZhZDru8O-PDFt8Z1ZYttrunX=w1280,https://lh4.googleusercontent.com/GlfD1SPYCWxLWv_jKSYrELLTGnij_oYZYcTRyGaX0mXF3OIuAXL-zZYNbC5VnIH0_8W5YLysHrisJkaYtkKcaFiwUoEeCg7jMNxZiuKbWDH9vwHnB-uTN4zKEUQg9VPylA=w1280,https://lh3.googleusercontent.com/qqptARGojBT0n2xahxvVum76VbEsme6KvpjCT68pZf8ZpoyPaGclaehJm97SfrVFUaxpFd9fh45IlnRdgTHpMphWMEbAA_LUbHwty2EVJZoAO41-7b3O-T1bjHySD65wpg=w1280
????????,??????? (????),?????????????????????????????????????????????????????????????????????????????????????????????????????????????????????????,https://lh6.googleusercontent.com/Mk_B_PIh22dWxHcZdwaJGRX-VAIgBh3XE1-3KlGj3Zo3mgb97rY1qBNEP3KNnEKm1qNSWBc1z9y9PigRqwXk0ODRF-vH3lA6sOYRN5VF48OdT5Ntu6jstbtVD2gydMS_uw=w1280,https://lh6.googleusercontent.com/g6bqOcyJZ5uzcanmXccPOXd9xODsj4ZyRxrzJwrhBE_cjVDESaMIxN7z6aNcf7x-WdX9xka3png6JULH9KU0rBHR7lLVtmq2FC0Pt4b6PXOWgQhNH4Xdto6mb1AWDDoS0w=w1280,https://lh6.googleusercontent.com/ULycxws2R29r2Q1I-qPSnJ8MSvK8LNcW2PlipFqDMt2zW6jPfAv4CkmJe2DD1ywAN5uDEU4w39MhH_AWKx04l5_xDyJa_cfF0k1Otp2WLZGeupQFEfjJZAs5bhRgWLvO8Q=w1280
????????,???,???????????????????????????????????????????????????????????????????????????????????????????????????????????????????????????????????????? 1 ?,https://lh5.googleusercontent.com/ofds3cXaDZxdgykiXTVpxYxE6L4IHTv4SJvpzVIhf1xshI4otEimszZCIQqFug-Jkc0xiF1RjVeDhUHFWbdMAmBLBohLzjf1BLonRAVKcWVjfdA2fMBtTkGm5T3STGVPOA=w1280,https://lh5.googleusercontent.com/ofds3cXaDZxdgykiXTVpxYxE6L4IHTv4SJvpzVIhf1xshI4otEimszZCIQqFug-Jkc0xiF1RjVeDhUHFWbdMAmBLBohLzjf1BLonRAVKcWVjfdA2fMBtTkGm5T3STGVPOA=w1280,https://lh5.googleusercontent.com/ns5kPD_y8I0wfkGnJeaZ8-xubicaUVf5JsqZ-3jLNpRuDYvl8uarSmWZ1DQRvRG5-fnNOSNMj1w2ld2erRh8tj6eYkvbjC010jwo6TjAgENHy1eGjFbddOQ8OIMhjOnNEw=w1280
?????????,?????????,???1?????????????????????????????????????????????????????????????????????????????????????????????????????????????????????????1?????????????,https://lh5.googleusercontent.com/unlvqiGNBf1kNiaWeXHTL9S_oFut_aBnwVJdp1_WjcnMdxMhKFWpGtmuV0aA8KIBEFbzZvtaslVaj0Ov6VcCAoCfY576Oh3MjUhOex3h-TTpaS7Jcbfrjd51ei5GMETHQQ=w1280,https://lh6.googleusercontent.com/nrgKKUYMG-xjqipUEeRuUBS2-sLYMQo90c2CA2iPISkEXZ5Bh59x0xbWvv-okw_f4dFI1L7WJFprRi4sx9yoaBSIyQ3cV7f8RcWN3uw2OD0Kd-XNLktdi3jCGAlCyx1p-A=w1280,https://lh6.googleusercontent.com/pSqO2iuBzKhCihUA-fv9cDZk4D5jMTBF4Z0Db9zCTWREFkP0GR8VHVz7GGuz6ram8kx419SfK7FWGIvCqe3dhaifMOx5A3E1KcuP_kmVVQqHj5mmjl9AADeFlJVWwgOBqQ=w1280
?????????,????,?????????????????????????????????????????????????????????????????????????????????????????????????????????,https://lh5.googleusercontent.com/oQDXo0mQCfkeXnD861xDuuJVFM8uyWAjoO6Q5UoxX50m7BbaPoBuU56OJUbjQx2pci_L0j__kTU6LWgnEVy6Fvh0g3imUQOC8tSOkB5Y_aXAzA8eyqJJsSkcWsnaPr3TnQ=w1280,https://lh6.googleusercontent.com/cLwiCx-_HWIm2FSAWRSfNDjokIUset0XwsMHw6RfogzSvibfZDiw7T06MLgVFAltLMh0Sw4NfO-3ksfscWyxyhe5Osr1kMnujtuAnBS1Tslc38EUuGEhZcMTWRIbrLBDxA=w1280,
?????????,??????????????????,?????????????????????????????????????1?????????????????????????????????????????????????,https://lh3.googleusercontent.com/8Z8dZ5rU0FFXuHyB8TU2dzPeshPPHGbKFy03vPP_Ei4hdGMw53-1Na8LF5DAWR7ntA9_VKlWSvQlPzbOClsfBC-ZJXDTNmXSXfNqWwlarMCP9tYry9QnOx2B8WwTA8uqYA=w1280,,
?????????,?????????????????????,4?19??????????????????????????????????????????????????????????????????????????????????????????????????????????????????????????????????????????????????,https://lh6.googleusercontent.com/M4UuWWai3yn5rtJFDe5cjjxO-Oud-kV1PDVhJ30F6ENuzaEwaNP_WH7nDIS0-mauwCORJduqsLjMsLm9lGwyx6SkeJTqzrWwSe3h7Y8YTT1E-mHXNX7Hu5vLsaELM5kuyQ=w1280,https://lh3.googleusercontent.com/0OPkNPaRgwldwZ5X-VLnBp-7mLOegnsBHtjr3ikskn3A82kRE4OPr5e_Yuvb1m_bSttHlakfsn70J8VbtLGsmrpHacJUfL_zMkG7Dg0r1njuUKQjJCBdcIXg4Ke3iQt6LA=w1280,https://lh6.googleusercontent.com/VkU5WKi8U1blQR3hFx64Fv2w7yQa3ahpzB8eYkdXizxdC9gX32tdPe0Pde8y3HvoKUcG4neL2iVmmvaL2JD7odIUMo-COJn_OtwkmwmekqyhCoMpPYrqwtaszVXf1nqttw=w1280
?????????,????,4?22???????????1?????????????????????????????????????????????????????????????????????????????????????????????????????????????????????????2???????????????????????????one day passport??????????????????????????????,https://lh3.googleusercontent.com/vstoHw-J2_xapLZPa-TrMO96LgGKNGUWfjgNx1fBFvHyp5rXzOYwrwHGm8EfLOd49j3lkNLBxRJknzUDdxT_qAZ6gVDlkBZjbAANqEVg875z5dlEcYCwh79Pd4WYe3GnUw=w1280,https://lh6.googleusercontent.com/fYs1O4YZDcvVVtRB2dmiVsku4umM8xvw8XxUziw7oBQz3t5_T36Y0R_d8Mw82rh3vzL1RwXwL0VnEAwBNFrnaJGGUaxpCuyStZHTDUNa7AIwbM0RSL1VS5DiWIWVpdGNaw=w1280,https://lh4.googleusercontent.com/HTgz-c4F261caNji8ObqbP4TsspCsMR3ylonYJi_ocgJVxHwh8ba6jVKOUTntmI0j8ilztXpsPkNBjKYxCG4xDIunZonL3c-Ek0znXdqz47_NnwK4qr3c7p_BGiOmDawzQ=w1280
?????????,??????,???????????

<br>?????????????????????

<br>??????????????46-27???

<br>??????????????25-26???

 

<br>????????????

<br>?????????????

<br>1??????????????????21-96???

<br>2??????????????????16-78???

 

<br>??????????

<br>?????????????

<br>1??????????????1???8-25, 2???10-25????

 

<br>????????

<br>?????????????

<br>????1500m????3000m???

<br>?????800m???

<br>?????????

<br>?????200m???

 

<br>??????????

<br>??65???????????????????

<br>?????????????????????32??????????

<br>????????????????16

<br>??????????????2???????????32???????????

<br>????????????8???????????16??????????

 

<br>??????????

<br>?????????????

<br>??????????"

<br>????????????????

????????????????????????????????

<br>?????????

 

<br>???????

<br>?????????????

<br>???????????0-26???????????

 

<br>???????

<br>???????????

<br>????????????????????????

<br>????????????????????????

<br>????????????????

<br>???????????????????????????????,,,
?????????,??????,????????????????????????????????????????????????????????????,https://lh3.googleusercontent.com/54rk55rXzhgg938LECSLCeU24lQkrSGER6v9QJD4rVeg9m0RjsdKuQJ0Y2rBPiPS0UR98qAeq-FH7ZIMrl4nwfD90Pgte6CL-e5TqRLqcFyMBwaKZLYNV-C49sR8JGPOmw=w1280,https://lh3.googleusercontent.com/nBgaGDnM1lhgmD5UohHETNe7iXPRvCg7qXC31QDLFNnHYOFM4HsbtVLhCTf21vD5PY64cet4OENcGFXL3fKd1twWD9hcnnREX-yp05CbKU-34Mm6rlFNBIHKPc5CE887Mw=w1280,https://lh4.googleusercontent.com/ouKVi0BY3Bm_A82H54jstchn9MMxrEwowYL2YEFJ_PVXKll0rDQss5LKqXJjaZhcVmYCuy9SJIFeRagKh-xom8q3KZaR5fOWamYI1NMwnR96w8K1yFp2vg9Yq6ahNuCtUQ=w1280
